{
  "train_loss": [
    0.618867814540863,
    0.18663249164819717,
    0.1735609769821167,
    0.10526436939835548,
    0.04354416253045201,
    0.03097734320908785,
    0.03714248747564852,
    0.04747692868113518,
    0.0396789344958961,
    0.03118597622960806
  ],
  "train_acc": [
    48.97959183673469,
    93.87755102040816,
    93.87755102040816,
    93.87755102040816,
    93.87755102040816,
    100.0,
    95.91836734693878,
    95.91836734693878,
    93.87755102040816,
    100.0
  ],
  "val_loss": [
    0.6764345169067383,
    1.1561895608901978,
    1.8233088254928589,
    2.3621230125427246,
    3.329789400100708,
    2.5357515811920166,
    2.077908992767334,
    1.7524237632751465,
    1.5291088819503784,
    1.402565836906433
  ],
  "val_acc": [
    76.92307692307692,
    76.92307692307692,
    76.92307692307692,
    76.92307692307692,
    76.92307692307692,
    76.92307692307692,
    76.92307692307692,
    76.92307692307692,
    76.92307692307692,
    76.92307692307692
  ]
}